system:time_start,blue,coastal,green,nir,red,sensor,swir22
"Jun 26, 1984","9,569","10,795","9,569","9,569","9,569","10,795","9,569"
"Jul 28, 1984","7,039","10,795","7,039","7,039","7,039","10,795","7,039"
"Nov 17, 1984",0,"10,795",0,0,0,"10,795",0
"Dec 19, 1984","10,795","10,795","10,795","10,795","10,795","10,795","10,795"
"Jan 20, 1985","9,429","10,795","9,429","9,429","9,429","10,795","9,429"
"Apr 10, 1985","10,793","10,795","10,793","10,793","10,793","10,795","10,793"
"May 12, 1985","10,795","10,795","10,795","10,795","10,795","10,795","10,795"
"Jun 29, 1985","10,795","10,795","10,795","10,795","10,795","10,795","10,795"
"Jul 31, 1985",9,"10,795",9,9,9,"10,795",9
"Aug 16, 1985","10,795","10,795","10,795","10,795","10,795","10,795","10,795"
"Sep 1, 1985",0,"10,795",0,0,0,"10,795",0
"Sep 17, 1985",0,"10,795",0,0,0,"10,795",0
"Oct 3, 1985","10,735","10,795","10,735","10,735","10,735","10,795","10,735"
"Nov 20, 1985",0,"10,795",0,0,0,"10,795",0
"Jan 7, 1986","10,594","10,795","10,594","10,594","10,594","10,795","10,594"
"Feb 8, 1986","10,795","10,795","10,795","10,795","10,795","10,795","10,795"
"Feb 24, 1986","9,881","10,795","9,881","9,881","9,881","10,795","9,881"
"Mar 12, 1986",0,"10,795",0,0,0,"10,795",0
"Mar 28, 1986",0,"10,795",0,0,0,"10,795",0
"Apr 13, 1986","4,857","10,795","4,857","4,857","4,857","10,795","4,857"
"Apr 29, 1986",599,"10,795",599,599,599,"10,795",599
"May 15, 1986","10,795","10,795","10,795","10,795","10,795","10,795","10,795"
"May 31, 1986","10,795","10,795","10,795","10,795","10,795","10,795","10,795"
"Jun 16, 1986",0,"10,795",0,0,0,"10,795",0
"Jul 2, 1986","5,952","10,795","5,952","5,952","5,952","10,795","5,952"
"Jul 18, 1986",0,"10,795",0,0,0,"10,795",0
"Aug 3, 1986","5,201","10,795","5,201","5,201","5,201","10,795","5,201"
"Aug 19, 1986","10,782","10,795","10,782","10,782","10,782","10,795","10,782"
"Sep 20, 1986",0,"10,795",0,0,0,"10,795",0
"Oct 6, 1986","10,756","10,795","10,756","10,756","10,756","10,795","10,756"
"Oct 22, 1986","10,780","10,795","10,780","10,780","10,780","10,795","10,780"
"Nov 7, 1986",0,"10,795",0,0,0,"10,795",0
"Dec 9, 1986","9,539","10,795","9,539","9,539","9,539","10,795","9,539"
"Dec 25, 1986",0,"10,795",0,0,0,"10,795",0
"Jan 10, 1987","10,384","10,795","10,384","10,384","10,384","10,795","10,384"
"Jan 26, 1987",0,"10,795",0,0,0,"10,795",0
"Feb 27, 1987",938,"10,795",938,938,938,"10,795",938
"Mar 15, 1987","2,312","10,795","2,312","2,312","2,312","10,795","2,312"
"Mar 31, 1987","5,004","10,795","5,004","5,004","5,004","10,795","5,004"
"Apr 16, 1987","10,795","10,795","10,795","10,795","10,795","10,795","10,795"
"May 18, 1987","10,795","10,795","10,795","10,795","10,795","10,795","10,795"
"Jun 19, 1987","1,695","10,795","1,695","1,695","1,695","10,795","1,695"
"Aug 22, 1987","6,826","10,795","6,826","6,826","6,826","10,795","6,826"
"Sep 7, 1987","10,795","10,795","10,795","10,795","10,795","10,795","10,795"
"Sep 23, 1987","10,794","10,795","10,794","10,794","10,794","10,795","10,794"
"Oct 9, 1987","2,170","10,795","2,170","2,170","2,170","10,795","2,170"
"Oct 25, 1987","10,621","10,795","10,621","10,621","10,621","10,795","10,621"
"Mar 17, 1988","10,795","10,795","10,795","10,795","10,795","10,795","10,795"
"May 4, 1988",0,"10,795",0,0,0,"10,795",0
"May 20, 1988","10,795","10,795","10,795","10,795","10,795","10,795","10,795"
"Jul 7, 1988","10,795","10,795","10,795","10,795","10,795","10,795","10,795"
"Jul 23, 1988","10,777","10,795","10,777","10,777","10,777","10,795","10,777"
"Aug 8, 1988","10,790","10,795","10,790","10,790","10,790","10,795","10,790"
"Aug 24, 1988","10,780","10,795","10,780","10,780","10,780","10,795","10,780"
"Sep 9, 1988","10,748","10,795","10,748","10,748","10,748","10,795","10,748"
"Sep 25, 1988","10,795","10,795","10,795","10,795","10,795","10,795","10,795"
"Oct 11, 1988","10,795","10,795","10,795","10,795","10,795","10,795","10,795"
"Oct 27, 1988",0,"10,795",0,0,0,"10,795",0
"Jan 15, 1989",0,"10,795",0,0,0,"10,795",0
"Mar 20, 1989","10,139","10,795","10,139","10,139","10,139","10,795","10,139"
"Apr 5, 1989","10,795","10,795","10,795","10,795","10,795","10,795","10,795"
"May 7, 1989","10,795","10,795","10,795","10,795","10,795","10,795","10,795"
"May 23, 1989",0,"10,795",0,0,0,"10,795",0
"Jun 8, 1989","10,795","10,795","10,795","10,795","10,795","10,795","10,795"
"Jun 24, 1989","10,795","10,795","10,795","10,795","10,795","10,795","10,795"
"Jul 10, 1989","10,794","10,795","10,794","10,794","10,794","10,795","10,794"
"Jul 26, 1989","10,795","10,795","10,795","10,795","10,795","10,795","10,795"
"Aug 11, 1989","9,675","10,795","9,675","9,675","9,675","10,795","9,675"
"Sep 12, 1989","10,764","10,795","10,764","10,764","10,764","10,795","10,764"
"Sep 28, 1989","10,787","10,795","10,787","10,787","10,787","10,795","10,787"
"Oct 14, 1989","10,770","10,795","10,770","10,770","10,770","10,795","10,770"
"Oct 30, 1989","10,431","10,795","10,431","10,431","10,431","10,795","10,431"
"Dec 1, 1989",0,"10,795",0,0,0,"10,795",0
"Dec 17, 1989","10,412","10,795","10,412","10,412","10,412","10,795","10,412"
"Jan 18, 1990","10,764","10,795","10,764","10,764","10,764","10,795","10,764"
"Feb 19, 1990","10,795","10,795","10,795","10,795","10,795","10,795","10,795"
"Mar 23, 1990","10,795","10,795","10,795","10,795","10,795","10,795","10,795"
"Apr 8, 1990","9,244","10,795","9,244","9,244","9,244","10,795","9,244"
"Apr 24, 1990","10,795","10,795","10,795","10,795","10,795","10,795","10,795"
"May 10, 1990",0,"10,795",0,0,0,"10,795",0
"May 26, 1990",0,"10,795",0,0,0,"10,795",0
"Jun 11, 1990","10,795","10,795","10,795","10,795","10,795","10,795","10,795"
"Jun 27, 1990","10,781","10,795","10,781","10,781","10,781","10,795","10,781"
"Aug 30, 1990","10,794","10,795","10,794","10,794","10,794","10,795","10,794"
"Sep 15, 1990",0,"10,795",0,0,0,"10,795",0
"Oct 1, 1990",0,"10,795",0,0,0,"10,795",0
"Oct 17, 1990",0,"10,795",0,0,0,"10,795",0
"Mar 26, 1991",0,"10,795",0,0,0,"10,795",0
"Apr 11, 1991","8,266","10,795","8,266","8,266","8,266","10,795","8,266"
"Apr 27, 1991","10,795","10,795","10,795","10,795","10,795","10,795","10,795"
"Jun 14, 1991","10,795","10,795","10,795","10,795","10,795","10,795","10,795"
"Jun 30, 1991",650,"10,795",650,650,650,"10,795",650
"Aug 1, 1991","10,794","10,795","10,794","10,794","10,794","10,795","10,794"
"Aug 17, 1991","10,795","10,795","10,795","10,795","10,795","10,795","10,795"
"Sep 2, 1991","10,787","10,795","10,787","10,787","10,787","10,795","10,787"
"Sep 18, 1991","10,793","10,795","10,793","10,793","10,793","10,795","10,793"
"Oct 4, 1991","10,780","10,795","10,780","10,780","10,780","10,795","10,780"
"Oct 20, 1991","10,793","10,795","10,793","10,793","10,793","10,795","10,793"
"Mar 28, 1992","10,795","10,795","10,795","10,795","10,795","10,795","10,795"
"Apr 13, 1992",0,"10,795",0,0,0,"10,795",0
"May 15, 1992","10,795","10,795","10,795","10,795","10,795","10,795","10,795"
"May 31, 1992","10,795","10,795","10,795","10,795","10,795","10,795","10,795"
"Jun 16, 1992",0,"10,795",0,0,0,"10,795",0
"Jul 2, 1992",0,"10,795",0,0,0,"10,795",0
"Jul 18, 1992","10,795","10,795","10,795","10,795","10,795","10,795","10,795"
"Aug 3, 1992","10,795","10,795","10,795","10,795","10,795","10,795","10,795"
"Aug 19, 1992","10,795","10,795","10,795","10,795","10,795","10,795","10,795"
"Sep 4, 1992",0,"10,795",0,0,0,"10,795",0
"Sep 20, 1992","10,707","10,795","10,707","10,707","10,707","10,795","10,707"
"Oct 6, 1992","10,795","10,795","10,795","10,795","10,795","10,795","10,795"
"Oct 22, 1992","6,693","10,795","6,693","6,693","6,693","10,795","6,693"
"Nov 7, 1992",980,"10,795",980,980,980,"10,795",980
"Nov 23, 1992","10,795","10,795","10,795","10,795","10,795","10,795","10,795"
"Dec 9, 1992",0,"10,795",0,0,0,"10,795",0
"Dec 25, 1992","10,793","10,795","10,793","10,793","10,793","10,795","10,793"
"Jan 10, 1993",238,"10,795",238,238,238,"10,795",238
"Jan 26, 1993",1,"10,795",1,1,1,"10,795",1
"Feb 11, 1993",0,"10,795",0,0,0,"10,795",0
"Feb 27, 1993","10,795","10,795","10,795","10,795","10,795","10,795","10,795"
"May 2, 1993","10,795","10,795","10,795","10,795","10,795","10,795","10,795"
"May 18, 1993",0,"10,795",0,0,0,"10,795",0
"Jun 3, 1993","10,795","10,795","10,795","10,795","10,795","10,795","10,795"
"Jun 19, 1993","10,795","10,795","10,795","10,795","10,795","10,795","10,795"
"Jul 5, 1993","10,795","10,795","10,795","10,795","10,795","10,795","10,795"
"Aug 6, 1993",0,"10,795",0,0,0,"10,795",0
"Sep 7, 1993","10,793","10,795","10,793","10,793","10,793","10,795","10,793"
"Sep 23, 1993","10,765","10,795","10,765","10,765","10,765","10,795","10,765"
"Oct 25, 1993","10,593","10,795","10,593","10,593","10,593","10,795","10,593"
"Nov 10, 1993",0,"10,795",0,0,0,"10,795",0
"Nov 26, 1993","10,795","10,795","10,795","10,795","10,795","10,795","10,795"
"Dec 12, 1993",0,"10,795",0,0,0,"10,795",0
"Dec 28, 1993",0,"10,795",0,0,0,"10,795",0
"Jan 13, 1994","10,785","10,795","10,785","10,785","10,785","10,795","10,785"
"Jan 29, 1994","10,795","10,795","10,795","10,795","10,795","10,795","10,795"
"Feb 14, 1994","10,790","10,795","10,790","10,790","10,790","10,795","10,790"
"Mar 2, 1994","9,017","10,795","9,017","9,017","9,017","10,795","9,017"
"Apr 3, 1994","10,795","10,795","10,795","10,795","10,795","10,795","10,795"
"Apr 19, 1994","10,756","10,795","10,756","10,756","10,756","10,795","10,756"
"May 5, 1994",0,"10,795",0,0,0,"10,795",0
"May 21, 1994",0,"10,795",0,0,0,"10,795",0
"Jun 6, 1994","3,113","10,795","3,113","3,113","3,113","10,795","3,113"
"Jun 22, 1994","10,795","10,795","10,795","10,795","10,795","10,795","10,795"
"Jul 8, 1994","10,795","10,795","10,795","10,795","10,795","10,795","10,795"
"Jul 24, 1994","7,856","10,795","7,856","7,856","7,856","10,795","7,856"
"Aug 9, 1994","10,793","10,795","10,793","10,793","10,793","10,795","10,793"
"Aug 25, 1994",0,"10,795",0,0,0,"10,795",0
"Sep 10, 1994",417,"10,795",417,417,417,"10,795",417
"Sep 26, 1994","10,780","10,795","10,780","10,780","10,780","10,795","10,780"
"Oct 12, 1994",0,"10,795",0,0,0,"10,795",0
"Oct 28, 1994","8,965","10,795","8,965","8,965","8,965","10,795","8,965"
"Nov 13, 1994",27,"10,795",27,27,27,"10,795",27
"Nov 29, 1994","3,016","10,795","3,016","3,016","3,016","10,795","3,016"
"Dec 31, 1994",0,"10,795",0,0,0,"10,795",0
"Jan 16, 1995","10,795","10,795","10,795","10,795","10,795","10,795","10,795"
"Mar 5, 1995",0,"10,795",0,0,0,"10,795",0
"Mar 21, 1995",0,"10,795",0,0,0,"10,795",0
"Apr 6, 1995",0,"10,795",0,0,0,"10,795",0
"Apr 22, 1995","10,795","10,795","10,795","10,795","10,795","10,795","10,795"
"May 24, 1995","10,795","10,795","10,795","10,795","10,795","10,795","10,795"
"Jun 9, 1995","9,973","10,795","9,973","9,973","9,973","10,795","9,973"
"Jun 25, 1995","10,794","10,795","10,794","10,794","10,794","10,795","10,794"
"Jul 11, 1995","7,278","10,795","7,278","7,278","7,278","10,795","7,278"
"Jul 27, 1995","10,795","10,795","10,795","10,795","10,795","10,795","10,795"
"Aug 12, 1995","10,794","10,795","10,794","10,794","10,794","10,795","10,794"
"Aug 28, 1995","10,794","10,795","10,794","10,794","10,794","10,795","10,794"
"Sep 13, 1995","10,793","10,795","10,793","10,793","10,793","10,795","10,793"
"Sep 29, 1995",0,"10,795",0,0,0,"10,795",0
"Oct 15, 1995","10,793","10,795","10,793","10,793","10,793","10,795","10,793"
"Nov 16, 1995",0,"10,795",0,0,0,"10,795",0
"Dec 2, 1995",0,"10,795",0,0,0,"10,795",0
"Jan 19, 1996",86,"10,795",86,86,86,"10,795",86
"Feb 20, 1996","8,493","10,795","8,493","8,493","8,493","10,795","8,493"
"Mar 23, 1996",278,"10,795",278,278,278,"10,795",278
"Apr 8, 1996","4,224","10,795","4,224","4,224","4,224","10,795","4,224"
"Apr 24, 1996",0,"10,795",0,0,0,"10,795",0
"May 10, 1996","10,795","10,795","10,795","10,795","10,795","10,795","10,795"
"May 26, 1996","10,795","10,795","10,795","10,795","10,795","10,795","10,795"
"Jun 11, 1996","10,795","10,795","10,795","10,795","10,795","10,795","10,795"
"Jul 13, 1996","10,795","10,795","10,795","10,795","10,795","10,795","10,795"
"Jul 29, 1996","10,793","10,795","10,793","10,793","10,793","10,795","10,793"
"Aug 14, 1996","7,700","10,795","7,700","7,700","7,700","10,795","7,700"
"Aug 30, 1996","10,789","10,795","10,789","10,789","10,789","10,795","10,789"
"Sep 15, 1996","3,248","10,795","3,248","3,248","3,248","10,795","3,248"
"Oct 1, 1996","10,659","10,795","10,659","10,659","10,659","10,795","10,659"
"Oct 17, 1996","10,121","10,795","10,121","10,121","10,121","10,795","10,121"
"Nov 2, 1996","10,720","10,795","10,720","10,720","10,720","10,795","10,720"
"Jan 5, 1997",4,"10,795",4,4,4,"10,795",4
"Jan 21, 1997",0,"10,795",0,0,0,"10,795",0
"Feb 6, 1997",0,"10,795",0,0,0,"10,795",0
"Feb 22, 1997","10,774","10,795","10,774","10,774","10,774","10,795","10,774"
"Mar 10, 1997",0,"10,795",0,0,0,"10,795",0
"Mar 26, 1997",402,"10,795",402,402,402,"10,795",402
"Apr 11, 1997","10,795","10,795","10,795","10,795","10,795","10,795","10,795"
"Apr 27, 1997","10,795","10,795","10,795","10,795","10,795","10,795","10,795"
"May 13, 1997",0,"10,795",0,0,0,"10,795",0
"May 29, 1997",0,"10,795",0,0,0,"10,795",0
"Jun 14, 1997","10,793","10,795","10,793","10,793","10,793","10,795","10,793"
"Jul 16, 1997",0,"10,795",0,0,0,"10,795",0
"Aug 1, 1997","10,795","10,795","10,795","10,795","10,795","10,795","10,795"
"Aug 17, 1997","2,810","10,795","2,810","2,810","2,810","10,795","2,810"
"Sep 2, 1997","10,792","10,795","10,792","10,792","10,792","10,795","10,792"
"Sep 18, 1997",374,"10,795",374,374,374,"10,795",374
"Oct 4, 1997",0,"10,795",0,0,0,"10,795",0
"Oct 20, 1997","10,129","10,795","10,129","10,129","10,129","10,795","10,129"
"Nov 5, 1997","10,238","10,795","10,238","10,238","10,238","10,795","10,238"
"Nov 21, 1997","2,233","10,795","2,233","2,233","2,233","10,795","2,233"
"Jan 8, 1998",11,"10,795",11,11,11,"10,795",11
"Jan 24, 1998","8,770","10,795","8,770","8,770","8,770","10,795","8,770"
"Feb 9, 1998","9,877","10,795","9,877","9,877","9,877","10,795","9,877"
"Feb 25, 1998",692,"10,795",692,692,692,"10,795",692
"Mar 13, 1998",72,"10,795",72,72,72,"10,795",72
"Mar 29, 1998","10,795","10,795","10,795","10,795","10,795","10,795","10,795"
"Apr 14, 1998",0,"10,795",0,0,0,"10,795",0
"Apr 30, 1998",0,"10,795",0,0,0,"10,795",0
"Jun 1, 1998","10,795","10,795","10,795","10,795","10,795","10,795","10,795"
"Jun 17, 1998","10,794","10,795","10,794","10,794","10,794","10,795","10,794"
"Jul 3, 1998","10,795","10,795","10,795","10,795","10,795","10,795","10,795"
"Jul 19, 1998","10,793","10,795","10,793","10,793","10,793","10,795","10,793"
"Aug 4, 1998","10,795","10,795","10,795","10,795","10,795","10,795","10,795"
"Sep 5, 1998","10,795","10,795","10,795","10,795","10,795","10,795","10,795"
"Sep 21, 1998","10,707","10,795","10,707","10,707","10,707","10,795","10,707"
"Oct 7, 1998","10,769","10,795","10,769","10,769","10,769","10,795","10,769"
"Oct 23, 1998","10,743","10,795","10,743","10,743","10,743","10,795","10,743"
"Nov 8, 1998","2,398","10,795","2,398","2,398","2,398","10,795","2,398"
"Nov 24, 1998",0,"10,795",0,0,0,"10,795",0
"Dec 10, 1998",119,"10,795",119,119,119,"10,795",119
"Dec 26, 1998","10,795","10,795","10,795","10,795","10,795","10,795","10,795"
"Jan 11, 1999",854,"10,795",854,854,854,"10,795",854
"Jan 27, 1999","6,303","10,795","6,303","6,303","6,303","10,795","6,303"
"Feb 12, 1999",0,"10,795",0,0,0,"10,795",0
"Mar 16, 1999","10,795","10,795","10,795","10,795","10,795","10,795","10,795"
"Apr 1, 1999","10,795","10,795","10,795","10,795","10,795","10,795","10,795"
"Apr 17, 1999","10,795","10,795","10,795","10,795","10,795","10,795","10,795"
"May 3, 1999",0,"10,795",0,0,0,"10,795",0
"May 19, 1999",0,"10,795",0,0,0,"10,795",0
"Jun 4, 1999",292,"10,795",292,292,292,"10,795",292
"Jun 20, 1999",0,"10,795",0,0,0,"10,795",0
"Jul 14, 1999","10,746","10,795","10,746","10,746","10,746","10,795","10,746"
"Jul 22, 1999","10,793","10,795","10,793","10,793","10,793","10,795","10,793"
"Jul 30, 1999","10,774","10,795","10,774","10,774","10,774","10,795","10,774"
"Aug 7, 1999",0,"10,795",0,0,0,"10,795",0
"Aug 15, 1999","10,793","10,795","10,793","10,793","10,793","10,795","10,793"
"Aug 23, 1999",0,"10,795",0,0,0,"10,795",0
"Aug 31, 1999",0,"10,795",0,0,0,"10,795",0
"Sep 8, 1999","10,795","10,795","10,795","10,795","10,795","10,795","10,795"
"Sep 16, 1999","10,789","10,795","10,789","10,789","10,789","10,795","10,789"
"Oct 2, 1999","10,765","10,795","10,765","10,765","10,765","10,795","10,765"
"Oct 10, 1999","10,463","10,795","10,463","10,463","10,463","10,795","10,463"
"Oct 18, 1999","9,751","10,795","9,751","9,751","9,751","10,795","9,751"
"Nov 3, 1999",177,"10,795",177,177,177,"10,795",177
"Nov 11, 1999",0,"10,795",0,0,0,"10,795",0
"Nov 19, 1999",0,"10,795",0,0,0,"10,795",0
"Nov 27, 1999","10,795","10,795","10,795","10,795","10,795","10,795","10,795"
"Dec 13, 1999",0,"10,795",0,0,0,"10,795",0
"Dec 21, 1999","10,795","10,795","10,795","10,795","10,795","10,795","10,795"
"Dec 29, 1999","10,612","10,795","10,612","10,612","10,612","10,795","10,612"
"Jan 6, 2000",0,"10,795",0,0,0,"10,795",0
"Jan 22, 2000",961,"10,795",961,961,961,"10,795",961
"Feb 15, 2000",64,"10,795",64,64,64,"10,795",64
"Feb 23, 2000","7,687","10,795","7,687","7,687","7,687","10,795","7,687"
"Mar 10, 2000",0,"10,795",0,0,0,"10,795",0
"Mar 26, 2000","10,657","10,795","10,657","10,657","10,657","10,795","10,657"
"Apr 11, 2000","10,795","10,795","10,795","10,795","10,795","10,795","10,795"
"Apr 19, 2000",0,"10,795",0,0,0,"10,795",0
"Apr 27, 2000",0,"10,795",0,0,0,"10,795",0
"May 5, 2000",0,"10,795",0,0,0,"10,795",0
"May 21, 2000","10,795","10,795","10,795","10,795","10,795","10,795","10,795"
"May 29, 2000","10,795","10,795","10,795","10,795","10,795","10,795","10,795"
"Jun 6, 2000","3,790","10,795","3,790","3,790","3,790","10,795","3,790"
"Jun 14, 2000","10,786","10,795","10,786","10,786","10,786","10,795","10,786"
"Jun 22, 2000","10,795","10,795","10,795","10,795","10,795","10,795","10,795"
"Jun 30, 2000","10,770","10,795","10,770","10,770","10,770","10,795","10,770"
"Jul 8, 2000","8,324","10,795","8,324","8,324","8,324","10,795","8,324"
"Jul 16, 2000",0,"10,795",0,0,0,"10,795",0
"Jul 24, 2000","5,313","10,795","5,313","5,313","5,313","10,795","5,313"
"Aug 1, 2000","10,718","10,795","10,718","10,718","10,718","10,795","10,718"
"Aug 9, 2000","3,207","10,795","3,207","3,207","3,207","10,795","3,207"
"Aug 17, 2000","10,768","10,795","10,768","10,768","10,768","10,795","10,768"
"Aug 25, 2000","10,786","10,795","10,786","10,786","10,786","10,795","10,786"
"Sep 2, 2000",0,"10,795",0,0,0,"10,795",0
"Sep 10, 2000",0,"10,795",0,0,0,"10,795",0
"Sep 18, 2000","10,413","10,795","10,413","10,413","10,413","10,795","10,413"
"Sep 26, 2000","10,770","10,795","10,770","10,770","10,770","10,795","10,770"
"Oct 4, 2000","10,690","10,795","10,690","10,690","10,690","10,795","10,690"
"Oct 12, 2000","3,790","10,795","3,790","3,790","3,790","10,795","3,790"
"Oct 28, 2000",0,"10,795",0,0,0,"10,795",0
"Nov 5, 2000",0,"10,795",0,0,0,"10,795",0
"Nov 21, 2000",0,"10,795",0,0,0,"10,795",0
"Dec 7, 2000","8,914","10,795","8,914","8,914","8,914","10,795","8,914"
"Dec 15, 2000",0,"10,795",0,0,0,"10,795",0
"Dec 31, 2000",239,"10,795",239,239,239,"10,795",239
"Jan 16, 2001","10,795","10,795","10,795","10,795","10,795","10,795","10,795"
"Feb 1, 2001",0,"10,795",0,0,0,"10,795",0
"Feb 9, 2001",0,"10,795",0,0,0,"10,795",0
"Feb 17, 2001",0,"10,795",0,0,0,"10,795",0
"Feb 25, 2001","4,532","10,795","4,532","4,532","4,532","10,795","4,532"
"Mar 5, 2001",0,"10,795",0,0,0,"10,795",0
"Mar 13, 2001","10,795","10,795","10,795","10,795","10,795","10,795","10,795"
"Mar 21, 2001","3,779","10,795","3,779","3,779","3,779","10,795","3,779"
"Mar 29, 2001","10,795","10,795","10,795","10,795","10,795","10,795","10,795"
"Apr 14, 2001",0,"10,795",0,0,0,"10,795",0
"Apr 22, 2001",0,"10,795",0,0,0,"10,795",0
"Apr 30, 2001",0,"10,795",0,0,0,"10,795",0
"May 8, 2001",0,"10,795",0,0,0,"10,795",0
"May 16, 2001","6,527","10,795","6,527","6,527","6,527","10,795","6,527"
"May 24, 2001","10,792","10,795","10,792","10,792","10,792","10,795","10,792"
"Jun 1, 2001","8,161","10,795","8,161","8,161","8,161","10,795","8,161"
"Jun 9, 2001","10,754","10,795","10,754","10,754","10,754","10,795","10,754"
"Jun 17, 2001","10,795","10,795","10,795","10,795","10,795","10,795","10,795"
"Jun 25, 2001","1,657","10,795","1,657","1,657","1,657","10,795","1,657"
"Jul 3, 2001",528,"10,795",528,528,528,"10,795",528
"Jul 11, 2001",7,"10,795",7,7,7,"10,795",7
"Jul 19, 2001","7,874","10,795","7,874","7,874","7,874","10,795","7,874"
"Jul 27, 2001","10,789","10,795","10,789","10,789","10,789","10,795","10,789"
"Aug 4, 2001","3,032","10,795","3,032","3,032","3,032","10,795","3,032"
"Aug 12, 2001",0,"10,795",0,0,0,"10,795",0
"Aug 20, 2001","10,740","10,795","10,740","10,740","10,740","10,795","10,740"
"Aug 28, 2001","10,628","10,795","10,628","10,628","10,628","10,795","10,628"
"Sep 5, 2001","10,792","10,795","10,792","10,792","10,792","10,795","10,792"
"Sep 13, 2001",0,"10,795",0,0,0,"10,795",0
"Sep 21, 2001","10,236","10,795","10,236","10,236","10,236","10,795","10,236"
"Sep 29, 2001","10,493","10,795","10,493","10,493","10,493","10,795","10,493"
"Oct 7, 2001",0,"10,795",0,0,0,"10,795",0
"Oct 15, 2001",26,"10,795",26,26,26,"10,795",26
"Oct 23, 2001","5,166","10,795","5,166","5,166","5,166","10,795","5,166"
"Oct 31, 2001",0,"10,795",0,0,0,"10,795",0
"Nov 8, 2001","9,264","10,795","9,264","9,264","9,264","10,795","9,264"
"Dec 10, 2001",0,"10,795",0,0,0,"10,795",0
"Jan 3, 2002",5,"10,795",5,5,5,"10,795",5
"Jan 19, 2002",0,"10,795",0,0,0,"10,795",0
"Jan 27, 2002",13,"10,795",13,13,13,"10,795",13
"Feb 12, 2002","1,326","10,795","1,326","1,326","1,326","10,795","1,326"
"Feb 20, 2002",64,"10,795",64,64,64,"10,795",64
"Feb 28, 2002","10,423","10,795","10,423","10,423","10,423","10,795","10,423"
"Mar 16, 2002",0,"10,795",0,0,0,"10,795",0
"Apr 1, 2002","10,794","10,795","10,794","10,794","10,794","10,795","10,794"
"Apr 17, 2002",0,"10,795",0,0,0,"10,795",0
"May 3, 2002","10,795","10,795","10,795","10,795","10,795","10,795","10,795"
"May 11, 2002","10,795","10,795","10,795","10,795","10,795","10,795","10,795"
"May 19, 2002",0,"10,795",0,0,0,"10,795",0
"Jun 4, 2002",118,"10,795",118,118,118,"10,795",118
"Jun 12, 2002","9,023","10,795","9,023","9,023","9,023","10,795","9,023"
"Jun 20, 2002","10,790","10,795","10,790","10,790","10,790","10,795","10,790"
"Jun 28, 2002",0,"10,795",0,0,0,"10,795",0
"Jul 6, 2002","10,793","10,795","10,793","10,793","10,793","10,795","10,793"
"Jul 14, 2002","10,296","10,795","10,296","10,296","10,296","10,795","10,296"
"Jul 22, 2002",0,"10,795",0,0,0,"10,795",0
"Aug 23, 2002",36,"10,795",36,36,36,"10,795",36
"Aug 31, 2002","10,735","10,795","10,735","10,735","10,735","10,795","10,735"
"Sep 8, 2002",0,"10,795",0,0,0,"10,795",0
"Sep 16, 2002",0,"10,795",0,0,0,"10,795",0
"Sep 24, 2002","10,338","10,795","10,338","10,338","10,338","10,795","10,338"
"Oct 2, 2002","10,779","10,795","10,779","10,779","10,779","10,795","10,779"
"Oct 10, 2002",0,"10,795",0,0,0,"10,795",0
"Oct 18, 2002",0,"10,795",0,0,0,"10,795",0
"Oct 26, 2002",147,"10,795",147,147,147,"10,795",147
"Nov 3, 2002","10,333","10,795","10,333","10,333","10,333","10,795","10,333"
"Nov 11, 2002",0,"10,795",0,0,0,"10,795",0
"Nov 19, 2002",0,"10,795",0,0,0,"10,795",0
"Nov 27, 2002","9,750","10,795","9,750","9,750","9,750","10,795","9,750"
"Dec 5, 2002","10,591","10,795","10,591","10,591","10,591","10,795","10,591"
"Dec 13, 2002",0,"10,795",0,0,0,"10,795",0
"Dec 29, 2002",0,"10,795",0,0,0,"10,795",0
"Jan 6, 2003","10,772","10,795","10,772","10,772","10,772","10,795","10,772"
"Feb 7, 2003","10,780","10,795","10,780","10,780","10,780","10,795","10,780"
"Feb 23, 2003","10,795","10,795","10,795","10,795","10,795","10,795","10,795"
"Mar 3, 2003",0,"10,795",0,0,0,"10,795",0
"Mar 11, 2003",5,"10,795",5,5,5,"10,795",5
"Mar 19, 2003",0,"10,795",0,0,0,"10,795",0
"Mar 27, 2003",0,"10,795",0,0,0,"10,795",0
"Apr 4, 2003",243,"10,795",243,243,243,"10,795",243
"Apr 12, 2003",0,"10,795",0,0,0,"10,795",0
"Apr 20, 2003",0,"10,795",0,0,0,"10,795",0
"May 6, 2003",0,"10,795",0,0,0,"10,795",0
"May 14, 2003","10,795","10,795","10,795","10,795","10,795","10,795","10,795"
"May 22, 2003","10,795","10,795","10,795","10,795","10,795","10,795","10,795"
"May 30, 2003",0,"10,795",0,0,0,"10,795",0
"Jun 15, 2003","10,795","10,795","10,795","10,795","10,795","10,795","10,795"
"Jul 1, 2003","4,699","10,795","4,699","4,699","4,699","10,795","4,699"
"Jul 17, 2003","10,795","10,795","10,795","10,795","10,795","10,795","10,795"
"Jul 25, 2003","9,018","10,795","9,018","9,018","9,018","10,795","9,018"
"Aug 10, 2003","7,736","10,795","7,736","7,736","7,736","10,795","7,736"
"Aug 18, 2003","10,793","10,795","10,793","10,793","10,793","10,795","10,793"
"Aug 26, 2003","2,285","10,795","2,285","2,285","2,285","10,795","2,285"
"Sep 3, 2003","10,793","10,795","10,793","10,793","10,793","10,795","10,793"
"Sep 19, 2003","10,789","10,795","10,789","10,789","10,789","10,795","10,789"
"Sep 27, 2003","9,763","10,795","9,763","9,763","9,763","10,795","9,763"
"Oct 5, 2003","10,793","10,795","10,793","10,793","10,793","10,795","10,793"
"Oct 13, 2003","9,561","10,795","9,561","9,561","9,561","10,795","9,561"
"Oct 21, 2003","10,222","10,795","10,222","10,222","10,222","10,795","10,222"
"Oct 29, 2003","3,120","10,795","3,120","3,120","3,120","10,795","3,120"
"Nov 6, 2003",0,"10,795",0,0,0,"10,795",0
"Nov 14, 2003",0,"10,795",0,0,0,"10,795",0
"Nov 22, 2003","1,905","10,795","1,905","1,905","1,905","10,795","1,905"
"Dec 8, 2003","10,795","10,795","10,795","10,795","10,795","10,795","10,795"
"Dec 24, 2003",0,"10,795",0,0,0,"10,795",0
"Jan 1, 2004",0,"10,795",0,0,0,"10,795",0
"Jan 9, 2004",0,"10,795",0,0,0,"10,795",0
"Jan 17, 2004","2,903","10,795","2,903","2,903","2,903","10,795","2,903"
"Jan 25, 2004",972,"10,795",972,972,972,"10,795",972
"Feb 10, 2004","10,795","10,795","10,795","10,795","10,795","10,795","10,795"
"Feb 18, 2004",0,"10,795",0,0,0,"10,795",0
"Feb 26, 2004",0,"10,795",0,0,0,"10,795",0
"Mar 13, 2004","10,795","10,795","10,795","10,795","10,795","10,795","10,795"
"Mar 21, 2004","9,812","10,795","9,812","9,812","9,812","10,795","9,812"
"Mar 29, 2004","10,727","10,795","10,727","10,727","10,727","10,795","10,727"
"Apr 6, 2004",0,"10,795",0,0,0,"10,795",0
"Apr 14, 2004",0,"10,795",0,0,0,"10,795",0
"Apr 22, 2004","9,601","10,795","9,601","9,601","9,601","10,795","9,601"
"Apr 30, 2004","10,795","10,795","10,795","10,795","10,795","10,795","10,795"
"May 8, 2004",398,"10,795",398,398,398,"10,795",398
"May 16, 2004","10,795","10,795","10,795","10,795","10,795","10,795","10,795"
"May 24, 2004","9,948","10,795","9,948","9,948","9,948","10,795","9,948"
"Jun 1, 2004","10,795","10,795","10,795","10,795","10,795","10,795","10,795"
"Jun 17, 2004","10,795","10,795","10,795","10,795","10,795","10,795","10,795"
"Jun 25, 2004","8,905","10,795","8,905","8,905","8,905","10,795","8,905"
"Jul 3, 2004","10,795","10,795","10,795","10,795","10,795","10,795","10,795"
"Jul 19, 2004",0,"10,795",0,0,0,"10,795",0
"Jul 27, 2004","9,721","10,795","9,721","9,721","9,721","10,795","9,721"
"Aug 4, 2004","4,027","10,795","4,027","4,027","4,027","10,795","4,027"
"Aug 12, 2004","9,846","10,795","9,846","9,846","9,846","10,795","9,846"
"Aug 20, 2004","10,795","10,795","10,795","10,795","10,795","10,795","10,795"
"Aug 28, 2004","9,569","10,795","9,569","9,569","9,569","10,795","9,569"
"Sep 5, 2004","10,777","10,795","10,777","10,777","10,777","10,795","10,777"
"Sep 13, 2004",0,"10,795",0,0,0,"10,795",0
"Sep 21, 2004","10,737","10,795","10,737","10,737","10,737","10,795","10,737"
"Sep 29, 2004","9,832","10,795","9,832","9,832","9,832","10,795","9,832"
"Oct 7, 2004","10,758","10,795","10,758","10,758","10,758","10,795","10,758"
"Oct 15, 2004",0,"10,795",0,0,0,"10,795",0
"Oct 23, 2004",0,"10,795",0,0,0,"10,795",0
"Oct 31, 2004",784,"10,795",784,784,784,"10,795",784
"Nov 8, 2004","10,750","10,795","10,750","10,750","10,750","10,795","10,750"
"Nov 16, 2004","9,557","10,795","9,557","9,557","9,557","10,795","9,557"
"Nov 24, 2004",0,"10,795",0,0,0,"10,795",0
"Dec 2, 2004","9,719","10,795","9,719","9,719","9,719","10,795","9,719"
"Dec 18, 2004","9,280","10,795","9,280","9,280","9,280","10,795","9,280"
"Dec 26, 2004",0,"10,795",0,0,0,"10,795",0
"Jan 3, 2005","9,731","10,795","9,731","9,731","9,731","10,795","9,731"
"Jan 11, 2005","10,795","10,795","10,795","10,795","10,795","10,795","10,795"
"Jan 19, 2005",0,"10,795",0,0,0,"10,795",0
"Jan 27, 2005","8,950","10,795","8,950","8,950","8,950","10,795","8,950"
"Feb 12, 2005",0,"10,795",0,0,0,"10,795",0
"Feb 20, 2005",0,"10,795",0,0,0,"10,795",0
"Feb 28, 2005",0,"10,795",0,0,0,"10,795",0
"Mar 8, 2005","9,852","10,795","9,852","9,852","9,852","10,795","9,852"
"Mar 16, 2005",0,"10,795",0,0,0,"10,795",0
"Mar 24, 2005",1,"10,795",1,1,1,"10,795",1
"Apr 9, 2005","2,218","10,795","2,218","2,218","2,218","10,795","2,218"
"Apr 17, 2005",0,"10,795",0,0,0,"10,795",0
"Apr 25, 2005",0,"10,795",0,0,0,"10,795",0
"May 3, 2005","4,672","10,795","4,672","4,672","4,672","10,795","4,672"
"May 11, 2005",0,"10,795",0,0,0,"10,795",0
"May 19, 2005",646,"10,795",646,646,646,"10,795",646
"May 27, 2005","9,647","10,795","9,647","9,647","9,647","10,795","9,647"
"Jun 4, 2005","10,795","10,795","10,795","10,795","10,795","10,795","10,795"
"Jun 12, 2005","9,605","10,795","9,605","9,605","9,605","10,795","9,605"
"Jun 20, 2005","10,795","10,795","10,795","10,795","10,795","10,795","10,795"
"Jun 28, 2005","8,849","10,795","8,849","8,849","8,849","10,795","8,849"
"Jul 6, 2005","10,793","10,795","10,793","10,793","10,793","10,795","10,793"
"Jul 14, 2005","9,669","10,795","9,669","9,669","9,669","10,795","9,669"
"Jul 22, 2005","10,795","10,795","10,795","10,795","10,795","10,795","10,795"
"Jul 30, 2005","7,962","10,795","7,962","7,962","7,962","10,795","7,962"
"Aug 7, 2005","10,793","10,795","10,793","10,793","10,793","10,795","10,793"
"Aug 15, 2005","9,617","10,795","9,617","9,617","9,617","10,795","9,617"
"Aug 23, 2005","10,778","10,795","10,778","10,778","10,778","10,795","10,778"
"Aug 31, 2005","9,363","10,795","9,363","9,363","9,363","10,795","9,363"
"Sep 8, 2005","7,822","10,795","7,822","7,822","7,822","10,795","7,822"
"Sep 16, 2005",0,"10,795",0,0,0,"10,795",0
"Sep 24, 2005","10,784","10,795","10,784","10,784","10,784","10,795","10,784"
"Oct 2, 2005",0,"10,795",0,0,0,"10,795",0
"Oct 10, 2005","10,629","10,795","10,629","10,629","10,629","10,795","10,629"
"Oct 18, 2005",131,"10,795",131,131,131,"10,795",131
"Nov 19, 2005","9,636","10,795","9,636","9,636","9,636","10,795","9,636"
"Dec 5, 2005","9,700","10,795","9,700","9,700","9,700","10,795","9,700"
"Jan 6, 2006",0,"10,795",0,0,0,"10,795",0
"Jan 22, 2006",0,"10,795",0,0,0,"10,795",0
"Feb 7, 2006","9,849","10,795","9,849","9,849","9,849","10,795","9,849"
"Feb 15, 2006","10,793","10,795","10,793","10,793","10,793","10,795","10,793"
"Feb 23, 2006","8,663","10,795","8,663","8,663","8,663","10,795","8,663"
"Mar 3, 2006",0,"10,795",0,0,0,"10,795",0
"Mar 11, 2006","9,916","10,795","9,916","9,916","9,916","10,795","9,916"
"Mar 27, 2006","9,889","10,795","9,889","9,889","9,889","10,795","9,889"
"Apr 4, 2006",0,"10,795",0,0,0,"10,795",0
"Apr 12, 2006",0,"10,795",0,0,0,"10,795",0
"Apr 20, 2006","10,795","10,795","10,795","10,795","10,795","10,795","10,795"
"Apr 28, 2006","9,704","10,795","9,704","9,704","9,704","10,795","9,704"
"May 6, 2006","10,795","10,795","10,795","10,795","10,795","10,795","10,795"
"May 14, 2006","9,699","10,795","9,699","9,699","9,699","10,795","9,699"
"May 22, 2006",0,"10,795",0,0,0,"10,795",0
"May 30, 2006","9,892","10,795","9,892","9,892","9,892","10,795","9,892"
"Jun 7, 2006",0,"10,795",0,0,0,"10,795",0
"Jun 15, 2006","10,012","10,795","10,012","10,012","10,012","10,795","10,012"
"Jun 23, 2006","10,715","10,795","10,715","10,715","10,715","10,795","10,715"
"Jul 1, 2006","5,533","10,795","5,533","5,533","5,533","10,795","5,533"
"Jul 9, 2006","10,380","10,795","10,380","10,380","10,380","10,795","10,380"
"Jul 17, 2006","9,557","10,795","9,557","9,557","9,557","10,795","9,557"
"Jul 25, 2006","10,794","10,795","10,794","10,794","10,794","10,795","10,794"
"Aug 2, 2006","9,661","10,795","9,661","9,661","9,661","10,795","9,661"
"Aug 10, 2006","10,525","10,795","10,525","10,525","10,525","10,795","10,525"
"Aug 18, 2006","9,954","10,795","9,954","9,954","9,954","10,795","9,954"
"Aug 26, 2006","10,782","10,795","10,782","10,782","10,782","10,795","10,782"
"Sep 3, 2006","9,415","10,795","9,415","9,415","9,415","10,795","9,415"
"Sep 11, 2006","10,794","10,795","10,794","10,794","10,794","10,795","10,794"
"Sep 19, 2006",0,"10,795",0,0,0,"10,795",0
"Sep 27, 2006","10,785","10,795","10,785","10,785","10,785","10,795","10,785"
"Oct 5, 2006",0,"10,795",0,0,0,"10,795",0
"Oct 13, 2006","10,567","10,795","10,567","10,567","10,567","10,795","10,567"
"Oct 21, 2006","2,344","10,795","2,344","2,344","2,344","10,795","2,344"
"Oct 29, 2006","10,783","10,795","10,783","10,783","10,783","10,795","10,783"
"Nov 14, 2006","9,676","10,795","9,676","9,676","9,676","10,795","9,676"
"Nov 22, 2006",0,"10,795",0,0,0,"10,795",0
"Dec 16, 2006",0,"10,795",0,0,0,"10,795",0
"Jan 1, 2007",0,"10,795",0,0,0,"10,795",0
"Jan 9, 2007","9,750","10,795","9,750","9,750","9,750","10,795","9,750"
"Jan 17, 2007","10,795","10,795","10,795","10,795","10,795","10,795","10,795"
"Jan 25, 2007","9,755","10,795","9,755","9,755","9,755","10,795","9,755"
"Feb 2, 2007","8,101","10,795","8,101","8,101","8,101","10,795","8,101"
"Feb 18, 2007","1,097","10,795","1,097","1,097","1,097","10,795","1,097"
"Mar 6, 2007","10,795","10,795","10,795","10,795","10,795","10,795","10,795"
"Mar 14, 2007","9,271","10,795","9,271","9,271","9,271","10,795","9,271"
"Mar 22, 2007","10,790","10,795","10,790","10,790","10,790","10,795","10,790"
"Mar 30, 2007","9,994","10,795","9,994","9,994","9,994","10,795","9,994"
"Apr 7, 2007",0,"10,795",0,0,0,"10,795",0
"Apr 15, 2007","10,219","10,795","10,219","10,219","10,219","10,795","10,219"
"Apr 23, 2007","10,795","10,795","10,795","10,795","10,795","10,795","10,795"
"May 9, 2007",822,"10,795",822,822,822,"10,795",822
"May 17, 2007","9,755","10,795","9,755","9,755","9,755","10,795","9,755"
"May 25, 2007",0,"10,795",0,0,0,"10,795",0
"Jun 2, 2007","9,733","10,795","9,733","9,733","9,733","10,795","9,733"
"Jun 10, 2007",701,"10,795",701,701,701,"10,795",701
"Jun 18, 2007","9,953","10,795","9,953","9,953","9,953","10,795","9,953"
"Jun 26, 2007","10,795","10,795","10,795","10,795","10,795","10,795","10,795"
"Jul 4, 2007","9,915","10,795","9,915","9,915","9,915","10,795","9,915"
"Jul 12, 2007","4,015","10,795","4,015","4,015","4,015","10,795","4,015"
"Jul 20, 2007",0,"10,795",0,0,0,"10,795",0
"Jul 28, 2007","10,795","10,795","10,795","10,795","10,795","10,795","10,795"
"Aug 5, 2007","9,679","10,795","9,679","9,679","9,679","10,795","9,679"
"Aug 13, 2007","10,787","10,795","10,787","10,787","10,787","10,795","10,787"
"Aug 21, 2007","9,720","10,795","9,720","9,720","9,720","10,795","9,720"
"Aug 29, 2007","10,793","10,795","10,793","10,793","10,793","10,795","10,793"
"Sep 6, 2007","9,467","10,795","9,467","9,467","9,467","10,795","9,467"
"Sep 14, 2007",0,"10,795",0,0,0,"10,795",0
"Sep 22, 2007","10,040","10,795","10,040","10,040","10,040","10,795","10,040"
"Oct 8, 2007",0,"10,795",0,0,0,"10,795",0
"Oct 24, 2007","9,671","10,795","9,671","9,671","9,671","10,795","9,671"
"Nov 9, 2007","9,098","10,795","9,098","9,098","9,098","10,795","9,098"
"Nov 25, 2007","10,131","10,795","10,131","10,131","10,131","10,795","10,131"
"Dec 11, 2007","3,330","10,795","3,330","3,330","3,330","10,795","3,330"
"Jan 28, 2008",526,"10,795",526,526,526,"10,795",526
"Feb 13, 2008","9,691","10,795","9,691","9,691","9,691","10,795","9,691"
"Mar 8, 2008","10,795","10,795","10,795","10,795","10,795","10,795","10,795"
"Mar 16, 2008","7,889","10,795","7,889","7,889","7,889","10,795","7,889"
"Apr 1, 2008","10,016","10,795","10,016","10,016","10,016","10,795","10,016"
"Apr 17, 2008","10,314","10,795","10,314","10,314","10,314","10,795","10,314"
"Apr 25, 2008","2,915","10,795","2,915","2,915","2,915","10,795","2,915"
"May 3, 2008","10,482","10,795","10,482","10,482","10,482","10,795","10,482"
"May 11, 2008",652,"10,795",652,652,652,"10,795",652
"May 19, 2008","10,604","10,795","10,604","10,604","10,604","10,795","10,604"
"May 27, 2008",0,"10,795",0,0,0,"10,795",0
"Jun 4, 2008",196,"10,795",196,196,196,"10,795",196
"Jun 20, 2008",21,"10,795",21,21,21,"10,795",21
"Jun 28, 2008","10,795","10,795","10,795","10,795","10,795","10,795","10,795"
"Jul 6, 2008","9,896","10,795","9,896","9,896","9,896","10,795","9,896"
"Jul 14, 2008",0,"10,795",0,0,0,"10,795",0
"Jul 22, 2008","9,835","10,795","9,835","9,835","9,835","10,795","9,835"
"Jul 30, 2008","10,795","10,795","10,795","10,795","10,795","10,795","10,795"
"Aug 7, 2008","8,878","10,795","8,878","8,878","8,878","10,795","8,878"
"Aug 15, 2008","10,795","10,795","10,795","10,795","10,795","10,795","10,795"
"Aug 23, 2008","9,939","10,795","9,939","9,939","9,939","10,795","9,939"
"Aug 31, 2008","10,795","10,795","10,795","10,795","10,795","10,795","10,795"
"Sep 8, 2008","10,344","10,795","10,344","10,344","10,344","10,795","10,344"
"Sep 16, 2008","10,795","10,795","10,795","10,795","10,795","10,795","10,795"
"Sep 24, 2008","10,702","10,795","10,702","10,702","10,702","10,795","10,702"
"Oct 2, 2008",0,"10,795",0,0,0,"10,795",0
"Oct 10, 2008","5,453","10,795","5,453","5,453","5,453","10,795","5,453"
"Oct 18, 2008",0,"10,795",0,0,0,"10,795",0
"Oct 26, 2008","9,073","10,795","9,073","9,073","9,073","10,795","9,073"
"Nov 27, 2008","9,808","10,795","9,808","9,808","9,808","10,795","9,808"
"Dec 13, 2008",361,"10,795",361,361,361,"10,795",361
"Jan 14, 2009","1,931","10,795","1,931","1,931","1,931","10,795","1,931"
"Jan 30, 2009","7,035","10,795","7,035","7,035","7,035","10,795","7,035"
"Feb 7, 2009","2,815","10,795","2,815","2,815","2,815","10,795","2,815"
"Feb 15, 2009",0,"10,795",0,0,0,"10,795",0
"Feb 23, 2009",0,"10,795",0,0,0,"10,795",0
"Mar 11, 2009","10,795","10,795","10,795","10,795","10,795","10,795","10,795"
"Mar 19, 2009",0,"10,795",0,0,0,"10,795",0
"Mar 27, 2009",349,"10,795",349,349,349,"10,795",349
"Apr 4, 2009","10,106","10,795","10,106","10,106","10,106","10,795","10,106"
"Apr 20, 2009","10,249","10,795","10,249","10,249","10,249","10,795","10,249"
"May 14, 2009",0,"10,795",0,0,0,"10,795",0
"May 22, 2009","9,109","10,795","9,109","9,109","9,109","10,795","9,109"
"May 30, 2009","4,610","10,795","4,610","4,610","4,610","10,795","4,610"
"Jun 7, 2009","10,461","10,795","10,461","10,461","10,461","10,795","10,461"
"Jun 15, 2009",0,"10,795",0,0,0,"10,795",0
"Jun 23, 2009","10,443","10,795","10,443","10,443","10,443","10,795","10,443"
"Jul 1, 2009","10,795","10,795","10,795","10,795","10,795","10,795","10,795"
"Jul 9, 2009","9,955","10,795","9,955","9,955","9,955","10,795","9,955"
"Jul 17, 2009","10,794","10,795","10,794","10,794","10,794","10,795","10,794"
"Jul 25, 2009","9,793","10,795","9,793","9,793","9,793","10,795","9,793"
"Aug 2, 2009","10,672","10,795","10,672","10,672","10,672","10,795","10,672"
"Aug 10, 2009","9,608","10,795","9,608","9,608","9,608","10,795","9,608"
"Aug 18, 2009","10,795","10,795","10,795","10,795","10,795","10,795","10,795"
"Aug 26, 2009","9,932","10,795","9,932","9,932","9,932","10,795","9,932"
"Sep 3, 2009","10,795","10,795","10,795","10,795","10,795","10,795","10,795"
"Sep 11, 2009","9,860","10,795","9,860","9,860","9,860","10,795","9,860"
"Sep 19, 2009","10,555","10,795","10,555","10,555","10,555","10,795","10,555"
"Sep 27, 2009","10,275","10,795","10,275","10,275","10,275","10,795","10,275"
"Oct 5, 2009","10,795","10,795","10,795","10,795","10,795","10,795","10,795"
"Oct 21, 2009",0,"10,795",0,0,0,"10,795",0
"Nov 6, 2009",0,"10,795",0,0,0,"10,795",0
"Nov 14, 2009","9,513","10,795","9,513","9,513","9,513","10,795","9,513"
"Nov 22, 2009",0,"10,795",0,0,0,"10,795",0
"Nov 30, 2009","9,432","10,795","9,432","9,432","9,432","10,795","9,432"
"Dec 8, 2009","10,795","10,795","10,795","10,795","10,795","10,795","10,795"
"Jan 1, 2010",38,"10,795",38,38,38,"10,795",38
"Jan 9, 2010",0,"10,795",0,0,0,"10,795",0
"Feb 2, 2010",0,"10,795",0,0,0,"10,795",0
"Feb 18, 2010",14,"10,795",14,14,14,"10,795",14
"Mar 6, 2010","8,041","10,795","8,041","8,041","8,041","10,795","8,041"
"Mar 14, 2010","10,795","10,795","10,795","10,795","10,795","10,795","10,795"
"Mar 30, 2010",0,"10,795",0,0,0,"10,795",0
"Apr 7, 2010","10,613","10,795","10,613","10,613","10,613","10,795","10,613"
"Apr 15, 2010","10,795","10,795","10,795","10,795","10,795","10,795","10,795"
"Apr 23, 2010","10,215","10,795","10,215","10,215","10,215","10,795","10,215"
"May 1, 2010",714,"10,795",714,714,714,"10,795",714
"May 9, 2010",0,"10,795",0,0,0,"10,795",0
"May 17, 2010",0,"10,795",0,0,0,"10,795",0
"Jun 10, 2010",0,"10,795",0,0,0,"10,795",0
"Jun 18, 2010","3,400","10,795","3,400","3,400","3,400","10,795","3,400"
"Jun 26, 2010","9,823","10,795","9,823","9,823","9,823","10,795","9,823"
"Jul 4, 2010","10,795","10,795","10,795","10,795","10,795","10,795","10,795"
"Jul 12, 2010","9,755","10,795","9,755","9,755","9,755","10,795","9,755"
"Jul 20, 2010","10,794","10,795","10,794","10,794","10,794","10,795","10,794"
"Jul 28, 2010","9,907","10,795","9,907","9,907","9,907","10,795","9,907"
"Aug 5, 2010","10,795","10,795","10,795","10,795","10,795","10,795","10,795"
"Aug 13, 2010","9,471","10,795","9,471","9,471","9,471","10,795","9,471"
"Aug 21, 2010",0,"10,795",0,0,0,"10,795",0
"Aug 29, 2010","8,818","10,795","8,818","8,818","8,818","10,795","8,818"
"Sep 6, 2010","10,782","10,795","10,782","10,782","10,782","10,795","10,782"
"Sep 14, 2010","9,485","10,795","9,485","9,485","9,485","10,795","9,485"
"Sep 22, 2010","10,788","10,795","10,788","10,788","10,788","10,795","10,788"
"Sep 30, 2010","8,198","10,795","8,198","8,198","8,198","10,795","8,198"
"Oct 8, 2010","1,042","10,795","1,042","1,042","1,042","10,795","1,042"
"Oct 16, 2010","7,089","10,795","7,089","7,089","7,089","10,795","7,089"
"Oct 24, 2010",0,"10,795",0,0,0,"10,795",0
"Nov 1, 2010","9,057","10,795","9,057","9,057","9,057","10,795","9,057"
"Nov 17, 2010",0,"10,795",0,0,0,"10,795",0
"Nov 25, 2010","10,795","10,795","10,795","10,795","10,795","10,795","10,795"
"Dec 3, 2010","9,600","10,795","9,600","9,600","9,600","10,795","9,600"
"Dec 19, 2010",0,"10,795",0,0,0,"10,795",0
"Jan 4, 2011","2,005","10,795","2,005","2,005","2,005","10,795","2,005"
"Jan 20, 2011","8,727","10,795","8,727","8,727","8,727","10,795","8,727"
"Jan 28, 2011","9,945","10,795","9,945","9,945","9,945","10,795","9,945"
"Feb 13, 2011",0,"10,795",0,0,0,"10,795",0
"Feb 21, 2011","3,450","10,795","3,450","3,450","3,450","10,795","3,450"
"Mar 1, 2011",0,"10,795",0,0,0,"10,795",0
"Mar 9, 2011",585,"10,795",585,585,585,"10,795",585
"Mar 17, 2011",0,"10,795",0,0,0,"10,795",0
"Mar 25, 2011",0,"10,795",0,0,0,"10,795",0
"Apr 2, 2011",60,"10,795",60,60,60,"10,795",60
"Apr 10, 2011",0,"10,795",0,0,0,"10,795",0
"Apr 18, 2011","8,367","10,795","8,367","8,367","8,367","10,795","8,367"
"Apr 26, 2011",0,"10,795",0,0,0,"10,795",0
"May 4, 2011","10,795","10,795","10,795","10,795","10,795","10,795","10,795"
"May 12, 2011","2,115","10,795","2,115","2,115","2,115","10,795","2,115"
"May 20, 2011","10,795","10,795","10,795","10,795","10,795","10,795","10,795"
"May 28, 2011",0,"10,795",0,0,0,"10,795",0
"Jun 5, 2011",0,"10,795",0,0,0,"10,795",0
"Jun 13, 2011","7,551","10,795","7,551","7,551","7,551","10,795","7,551"
"Jun 21, 2011","2,035","10,795","2,035","2,035","2,035","10,795","2,035"
"Jul 7, 2011","10,795","10,795","10,795","10,795","10,795","10,795","10,795"
"Jul 15, 2011","6,485","10,795","6,485","6,485","6,485","10,795","6,485"
"Jul 23, 2011","10,793","10,795","10,793","10,793","10,793","10,795","10,793"
"Jul 31, 2011","1,512","10,795","1,512","1,512","1,512","10,795","1,512"
"Aug 8, 2011","4,420","10,795","4,420","4,420","4,420","10,795","4,420"
"Aug 16, 2011","9,589","10,795","9,589","9,589","9,589","10,795","9,589"
"Aug 24, 2011","7,502","10,795","7,502","7,502","7,502","10,795","7,502"
"Sep 1, 2011","9,610","10,795","9,610","9,610","9,610","10,795","9,610"
"Sep 9, 2011","10,795","10,795","10,795","10,795","10,795","10,795","10,795"
"Sep 17, 2011","9,770","10,795","9,770","9,770","9,770","10,795","9,770"
"Sep 25, 2011","10,795","10,795","10,795","10,795","10,795","10,795","10,795"
"Oct 3, 2011",0,"10,795",0,0,0,"10,795",0
"Oct 11, 2011",0,"10,795",0,0,0,"10,795",0
"Oct 19, 2011","8,994","10,795","8,994","8,994","8,994","10,795","8,994"
"Oct 27, 2011","10,760","10,795","10,760","10,760","10,760","10,795","10,760"
"Nov 4, 2011",42,"10,795",42,42,42,"10,795",42
"Nov 12, 2011","10,582","10,795","10,582","10,582","10,582","10,795","10,582"
"Nov 20, 2011","9,581","10,795","9,581","9,581","9,581","10,795","9,581"
"Dec 6, 2011","9,512","10,795","9,512","9,512","9,512","10,795","9,512"
"Dec 22, 2011","9,476","10,795","9,476","9,476","9,476","10,795","9,476"
"Jan 7, 2012","9,742","10,795","9,742","9,742","9,742","10,795","9,742"
"Jan 23, 2012","9,590","10,795","9,590","9,590","9,590","10,795","9,590"
"Feb 24, 2012","9,692","10,795","9,692","9,692","9,692","10,795","9,692"
"Mar 11, 2012",0,"10,795",0,0,0,"10,795",0
"Apr 12, 2012",127,"10,795",127,127,127,"10,795",127
"Apr 28, 2012","8,719","10,795","8,719","8,719","8,719","10,795","8,719"
"May 14, 2012",0,"10,795",0,0,0,"10,795",0
"May 30, 2012","10,251","10,795","10,251","10,251","10,251","10,795","10,251"
"Jun 15, 2012","9,601","10,795","9,601","9,601","9,601","10,795","9,601"
"Jul 1, 2012","9,290","10,795","9,290","9,290","9,290","10,795","9,290"
"Aug 2, 2012","9,561","10,795","9,561","9,561","9,561","10,795","9,561"
"Aug 18, 2012","9,538","10,795","9,538","9,538","9,538","10,795","9,538"
"Sep 3, 2012","9,613","10,795","9,613","9,613","9,613","10,795","9,613"
"Sep 19, 2012","9,645","10,795","9,645","9,645","9,645","10,795","9,645"
"Oct 5, 2012","9,571","10,795","9,571","9,571","9,571","10,795","9,571"
"Oct 21, 2012","1,843","10,795","1,843","1,843","1,843","10,795","1,843"
"Nov 6, 2012","8,625","10,795","8,625","8,625","8,625","10,795","8,625"
"Nov 22, 2012","9,094","10,795","9,094","9,094","9,094","10,795","9,094"
"Dec 8, 2012","1,110","10,795","1,110","1,110","1,110","10,795","1,110"
"Dec 24, 2012","6,698","10,795","6,698","6,698","6,698","10,795","6,698"
"Feb 10, 2013",1,"10,795",1,1,1,"10,795",1
"Feb 26, 2013",239,"10,795",239,239,239,"10,795",239
"Mar 14, 2013",0,"10,795",0,0,0,"10,795",0
"Mar 25, 2013",0,0,0,0,0,"7,904",0
"Mar 30, 2013","9,772","10,795","9,772","9,772","9,772","10,795","9,772"
"Mar 30, 2013","1,238","1,238","1,238","1,238","1,238","7,904","1,238"
"Apr 15, 2013","2,721","10,795","2,721","2,721","2,721","10,795","2,721"
"Apr 23, 2013","4,484","4,484","4,484","4,484","4,484","7,904","4,484"
"May 1, 2013","9,698","10,795","9,698","9,698","9,698","10,795","9,698"
"May 17, 2013","5,123","10,795","5,123","5,123","5,123","10,795","5,123"
"May 25, 2013",873,873,873,873,873,"7,904",873
"Jun 2, 2013","9,965","10,795","9,965","9,965","9,965","10,795","9,965"
"Jun 10, 2013","2,251","2,251","2,251","2,251","2,251","7,904","2,251"
"Jun 18, 2013","9,830","10,795","9,830","9,830","9,830","10,795","9,830"
"Jul 4, 2013","7,272","10,795","7,272","7,272","7,272","10,795","7,272"
"Jul 12, 2013",0,0,0,0,0,"7,904",0
"Jul 20, 2013","9,937","10,795","9,937","9,937","9,937","10,795","9,937"
"Jul 28, 2013","2,383","2,383","2,383","2,383","2,383","7,904","2,383"
"Aug 5, 2013","9,244","10,795","9,244","9,244","9,244","10,795","9,244"
"Aug 13, 2013","3,218","3,218","3,218","3,218","3,218","7,904","3,218"
"Aug 29, 2013",259,259,259,259,259,"7,904",259
"Sep 6, 2013","9,502","10,795","9,502","9,502","9,502","10,795","9,502"
"Sep 14, 2013",394,394,394,394,394,"7,904",394
"Sep 30, 2013",51,51,51,51,51,"7,904",51
"Oct 8, 2013","9,606","10,795","9,606","9,606","9,606","10,795","9,606"
"Oct 16, 2013","5,743","5,743","5,743","5,743","5,743","7,904","5,743"
"Oct 24, 2013","9,436","10,795","9,436","9,436","9,436","10,795","9,436"
"Nov 1, 2013","6,536","6,536","6,536","6,536","6,536","7,904","6,536"
"Nov 9, 2013",30,"10,795",30,30,30,"10,795",30
"Nov 17, 2013","4,801","4,801","4,801","4,801","4,801","7,904","4,801"
"Nov 25, 2013","9,039","10,795","9,039","9,039","9,039","10,795","9,039"
"Dec 3, 2013",0,0,0,0,0,"7,904",0
"Dec 11, 2013","9,571","10,795","9,571","9,571","9,571","10,795","9,571"
"Dec 19, 2013",932,932,932,932,932,"7,904",932
"Dec 27, 2013",0,"10,795",0,0,0,"10,795",0
"Jan 4, 2014","1,701","1,701","1,701","1,701","1,701","7,904","1,701"
"Jan 20, 2014","6,282","6,282","6,282","6,282","6,282","7,904","6,282"
"Feb 5, 2014","5,829","5,829","5,829","5,829","5,829","7,904","5,829"
"Feb 13, 2014",0,"10,795",0,0,0,"10,795",0
"Feb 21, 2014",233,233,233,233,233,"7,904",233
"Mar 17, 2014",738,"10,795",738,738,738,"10,795",738
"Apr 2, 2014","9,760","10,795","9,760","9,760","9,760","10,795","9,760"
"Apr 10, 2014","1,947","1,947","1,947","1,947","1,947","7,904","1,947"
"Apr 18, 2014",0,"10,795",0,0,0,"10,795",0
"Apr 26, 2014",0,0,0,0,0,"7,904",0
"May 4, 2014",609,"10,795",609,609,609,"10,795",609
"May 12, 2014","2,193","2,193","2,193","2,193","2,193","7,904","2,193"
"May 20, 2014","2,986","10,795","2,986","2,986","2,986","10,795","2,986"
"May 28, 2014",1,1,1,1,1,"7,904",1
"Jun 5, 2014","9,596","10,795","9,596","9,596","9,596","10,795","9,596"
"Jun 13, 2014",0,0,0,0,0,"7,904",0
"Jun 21, 2014",0,"10,795",0,0,0,"10,795",0
"Jun 29, 2014","7,276","7,276","7,276","7,276","7,276","7,904","7,276"
"Jul 7, 2014","9,626","10,795","9,626","9,626","9,626","10,795","9,626"
"Jul 15, 2014","6,932","6,932","6,932","6,932","6,932","7,904","6,932"
"Jul 23, 2014",0,"10,795",0,0,0,"10,795",0
"Jul 31, 2014","3,945","3,945","3,945","3,945","3,945","7,904","3,945"
"Aug 8, 2014","9,744","10,795","9,744","9,744","9,744","10,795","9,744"
"Aug 16, 2014","2,439","2,439","2,439","2,439","2,439","7,904","2,439"
"Aug 24, 2014","9,816","10,795","9,816","9,816","9,816","10,795","9,816"
"Sep 1, 2014","7,695","7,695","7,695","7,695","7,695","7,904","7,695"
"Sep 17, 2014",10,10,10,10,10,"7,904",10
"Sep 25, 2014","2,856","10,795","2,856","2,856","2,856","10,795","2,856"
"Oct 3, 2014","6,309","6,309","6,309","6,309","6,309","7,904","6,309"
"Oct 11, 2014",356,"10,795",356,356,356,"10,795",356
"Oct 19, 2014","4,706","4,706","4,706","4,706","4,706","7,904","4,706"
"Oct 27, 2014","1,779","10,795","1,779","1,779","1,779","10,795","1,779"
"Nov 12, 2014","5,996","10,795","5,996","5,996","5,996","10,795","5,996"
"Dec 6, 2014",0,0,0,0,0,"7,904",0
"Dec 14, 2014","2,684","10,795","2,684","2,684","2,684","10,795","2,684"
"Dec 30, 2014",498,"10,795",498,498,498,"10,795",498
"Jan 7, 2015","5,966","5,966","5,966","5,966","5,966","7,904","5,966"
"Jan 23, 2015","3,506","3,506","3,506","3,506","3,506","7,904","3,506"
"Jan 31, 2015","9,421","10,795","9,421","9,421","9,421","10,795","9,421"
"Feb 16, 2015","9,631","10,795","9,631","9,631","9,631","10,795","9,631"
"Feb 24, 2015","1,627","1,627","1,627","1,627","1,627","7,904","1,627"
"Mar 4, 2015","9,484","10,795","9,484","9,484","9,484","10,795","9,484"
"Mar 12, 2015",321,321,321,321,321,"7,904",321
"Mar 28, 2015",547,547,547,547,547,"7,904",547
"Apr 5, 2015",0,"10,795",0,0,0,"10,795",0
"Apr 13, 2015",0,0,0,0,0,"7,904",0
"Apr 21, 2015","9,604","10,795","9,604","9,604","9,604","10,795","9,604"
"Apr 29, 2015",531,531,531,531,531,"7,904",531
"May 7, 2015",672,"10,795",672,672,672,"10,795",672
"May 23, 2015",0,"10,795",0,0,0,"10,795",0
"May 31, 2015",0,0,0,0,0,"7,904",0
"Jun 8, 2015","9,704","10,795","9,704","9,704","9,704","10,795","9,704"
"Jun 16, 2015","2,250","2,250","2,250","2,250","2,250","7,904","2,250"
"Jun 24, 2015","7,704","10,795","7,704","7,704","7,704","10,795","7,704"
"Jul 2, 2015","5,929","5,929","5,929","5,929","5,929","7,904","5,929"
"Jul 10, 2015",0,"10,795",0,0,0,"10,795",0
"Jul 18, 2015",178,178,178,178,178,"7,904",178
"Jul 26, 2015","9,833","10,795","9,833","9,833","9,833","10,795","9,833"
"Aug 3, 2015","1,038","1,038","1,038","1,038","1,038","7,904","1,038"
"Aug 11, 2015","9,016","10,795","9,016","9,016","9,016","10,795","9,016"
"Aug 19, 2015","3,247","3,247","3,247","3,247","3,247","7,904","3,247"
"Aug 27, 2015","9,560","10,795","9,560","9,560","9,560","10,795","9,560"
"Sep 4, 2015",244,244,244,244,244,"7,904",244
"Sep 12, 2015","9,669","10,795","9,669","9,669","9,669","10,795","9,669"
"Sep 20, 2015","1,885","1,885","1,885","1,885","1,885","7,904","1,885"
"Sep 28, 2015","9,489","10,795","9,489","9,489","9,489","10,795","9,489"
"Oct 6, 2015",0,0,0,0,0,"7,904",0
"Oct 14, 2015","8,970","10,795","8,970","8,970","8,970","10,795","8,970"
"Oct 22, 2015","2,171","2,171","2,171","2,171","2,171","7,904","2,171"
"Oct 30, 2015",89,"10,795",89,89,89,"10,795",89
"Nov 7, 2015",602,602,602,602,602,"7,904",602
"Nov 23, 2015","4,349","4,349","4,349","4,349","4,349","7,904","4,349"
"Dec 1, 2015","9,578","10,795","9,578","9,578","9,578","10,795","9,578"
"Dec 9, 2015",0,0,0,0,0,"7,904",0
"Dec 25, 2015",0,0,0,0,0,"7,904",0
"Jan 2, 2016","9,572","10,795","9,572","9,572","9,572","10,795","9,572"
"Jan 10, 2016","4,935","4,935","4,935","4,935","4,935","7,904","4,935"
"Jan 18, 2016","6,510","10,795","6,510","6,510","6,510","10,795","6,510"
"Jan 26, 2016",0,0,0,0,0,"7,904",0
"Feb 11, 2016",0,0,0,0,0,"7,904",0
"Feb 19, 2016",0,"10,795",0,0,0,"10,795",0
"Feb 27, 2016","3,385","3,385","3,385","3,385","3,385","7,904","3,385"
"Mar 6, 2016",0,"10,795",0,0,0,"10,795",0
"Mar 14, 2016",0,0,0,0,0,"7,904",0
"Mar 22, 2016",0,"10,795",0,0,0,"10,795",0
"Mar 30, 2016","4,730","4,730","4,730","4,730","4,730","7,904","4,730"
"Apr 7, 2016","9,474","10,795","9,474","9,474","9,474","10,795","9,474"
"Apr 15, 2016",180,180,180,180,180,"7,904",180
"Apr 23, 2016",7,"10,795",7,7,7,"10,795",7
"May 1, 2016",484,484,484,484,484,"7,904",484
"May 9, 2016","9,772","10,795","9,772","9,772","9,772","10,795","9,772"
"May 17, 2016","4,271","4,271","4,271","4,271","4,271","7,904","4,271"
"May 25, 2016",760,"10,795",760,760,760,"10,795",760
"Jun 2, 2016",0,0,0,0,0,"7,904",0
"Jun 18, 2016",1,1,1,1,1,"7,904",1
"Jun 26, 2016","9,744","10,795","9,744","9,744","9,744","10,795","9,744"
"Jul 4, 2016","1,101","1,101","1,101","1,101","1,101","7,904","1,101"
"Jul 12, 2016","7,736","10,795","7,736","7,736","7,736","10,795","7,736"
"Jul 20, 2016","1,906","1,906","1,906","1,906","1,906","7,904","1,906"
"Jul 28, 2016","9,731","10,795","9,731","9,731","9,731","10,795","9,731"
"Aug 5, 2016","6,939","6,939","6,939","6,939","6,939","7,904","6,939"
"Aug 13, 2016","9,546","10,795","9,546","9,546","9,546","10,795","9,546"
"Aug 21, 2016","3,286","3,286","3,286","3,286","3,286","7,904","3,286"
"Aug 29, 2016","9,592","10,795","9,592","9,592","9,592","10,795","9,592"
"Sep 6, 2016",0,0,0,0,0,"7,904",0
"Sep 14, 2016","9,634","10,795","9,634","9,634","9,634","10,795","9,634"
"Sep 22, 2016",39,39,39,39,39,"7,904",39
"Sep 30, 2016",0,"10,795",0,0,0,"10,795",0
"Oct 8, 2016","4,667","4,667","4,667","4,667","4,667","7,904","4,667"
"Oct 24, 2016",0,0,0,0,0,"7,904",0
"Nov 1, 2016","2,060","10,795","2,060","2,060","2,060","10,795","2,060"
"Nov 9, 2016",707,707,707,707,707,"7,904",707
"Nov 17, 2016","9,940","10,795","9,940","9,940","9,940","10,795","9,940"
"Nov 25, 2016",0,0,0,0,0,"7,904",0
"Dec 3, 2016","9,872","10,795","9,872","9,872","9,872","10,795","9,872"
"Jan 4, 2017",380,"10,795",380,380,380,"10,795",380
"Jan 12, 2017","4,850","4,850","4,850","4,850","4,850","7,904","4,850"
"Jan 28, 2017",0,0,0,0,0,"7,904",0
"Feb 5, 2017",0,"10,795",0,0,0,"10,795",0
"Feb 13, 2017",0,0,0,0,0,"7,904",0
"Feb 21, 2017",0,"10,795",0,0,0,"10,795",0
"Mar 1, 2017","1,333","1,333","1,333","1,333","1,333","7,904","1,333"
"Mar 25, 2017",199,"10,795",199,199,199,"10,795",199
"Apr 2, 2017","1,985","1,985","1,985","1,985","1,985","7,904","1,985"
"Apr 10, 2017",138,"10,795",138,138,138,"10,795",138
"Apr 18, 2017",463,463,463,463,463,"7,904",463
"Apr 26, 2017",0,"10,795",0,0,0,"10,795",0
"May 4, 2017","2,994","2,994","2,994","2,994","2,994","7,904","2,994"
"May 12, 2017",0,"10,795",0,0,0,"10,795",0
"May 20, 2017","2,668","2,668","2,668","2,668","2,668","7,904","2,668"
"May 28, 2017","9,860","10,795","9,860","9,860","9,860","10,795","9,860"
"Jun 5, 2017","2,737","2,737","2,737","2,737","2,737","7,904","2,737"
"Jun 13, 2017","9,956","10,795","9,956","9,956","9,956","10,795","9,956"
"Jun 21, 2017","2,891","2,891","2,891","2,891","2,891","7,904","2,891"
"Jun 29, 2017","9,865","10,795","9,865","9,865","9,865","10,795","9,865"
"Jul 7, 2017",4,4,4,4,4,"7,904",4
"Jul 15, 2017","9,919","10,795","9,919","9,919","9,919","10,795","9,919"
"Jul 23, 2017","6,172","6,172","6,172","6,172","6,172","7,904","6,172"
"Jul 31, 2017","9,698","10,795","9,698","9,698","9,698","10,795","9,698"
"Aug 8, 2017","3,974","3,974","3,974","3,974","3,974","7,904","3,974"
"Aug 16, 2017","9,590","10,795","9,590","9,590","9,590","10,795","9,590"
"Aug 24, 2017","4,645","4,645","4,645","4,645","4,645","7,904","4,645"
"Sep 1, 2017","9,293","10,795","9,293","9,293","9,293","10,795","9,293"
"Sep 9, 2017","2,107","2,107","2,107","2,107","2,107","7,904","2,107"
"Sep 17, 2017",0,"10,795",0,0,0,"10,795",0
"Sep 25, 2017",0,0,0,0,0,"7,904",0
"Oct 3, 2017","9,918","10,795","9,918","9,918","9,918","10,795","9,918"
"Oct 11, 2017",0,0,0,0,0,"7,904",0
"Oct 19, 2017",0,"10,795",0,0,0,"10,795",0
"Oct 27, 2017","3,637","3,637","3,637","3,637","3,637","7,904","3,637"
"Nov 4, 2017","10,791","10,795","10,791","10,791","10,791","10,795","10,791"
"Nov 12, 2017",0,0,0,0,0,"7,904",0
"Dec 6, 2017","10,594","10,795","10,594","10,594","10,594","10,795","10,594"
"Dec 14, 2017",0,0,0,0,0,"7,904",0
"Dec 30, 2017","1,364","1,364","1,364","1,364","1,364","7,904","1,364"
"Jan 7, 2018","4,940","10,795","4,940","4,940","4,940","10,795","4,940"
"Jan 15, 2018",0,0,0,0,0,"7,904",0
"Jan 31, 2018",2,2,2,2,2,"7,904",2
"Feb 8, 2018","9,912","10,795","9,912","9,912","9,912","10,795","9,912"
"Feb 16, 2018",0,0,0,0,0,"7,904",0
"Mar 12, 2018",0,"10,795",0,0,0,"10,795",0
"Mar 20, 2018",0,0,0,0,0,"7,904",0
"Mar 28, 2018","9,960","10,795","9,960","9,960","9,960","10,795","9,960"
"Apr 13, 2018",0,"10,795",0,0,0,"10,795",0
"Apr 21, 2018","5,085","5,085","5,085","5,085","5,085","7,904","5,085"
"Apr 29, 2018","6,815","10,795","6,815","6,815","6,815","10,795","6,815"
"May 7, 2018","6,735","6,735","6,735","6,735","6,735","7,904","6,735"
"May 15, 2018",675,"10,795",675,675,675,"10,795",675
"May 23, 2018",0,0,0,0,0,"7,904",0
"Jun 8, 2018",547,547,547,547,547,"7,904",547
"Jun 16, 2018","8,882","10,795","8,882","8,882","8,882","10,795","8,882"
"Jun 24, 2018","3,924","3,924","3,924","3,924","3,924","7,904","3,924"
"Jul 2, 2018","9,989","10,795","9,989","9,989","9,989","10,795","9,989"
"Jul 10, 2018","3,640","3,640","3,640","3,640","3,640","7,904","3,640"
"Jul 18, 2018","10,064","10,795","10,064","10,064","10,064","10,795","10,064"
"Jul 26, 2018","3,731","3,731","3,731","3,731","3,731","7,904","3,731"
"Aug 3, 2018","10,080","10,795","10,080","10,080","10,080","10,795","10,080"
"Aug 11, 2018","1,031","1,031","1,031","1,031","1,031","7,904","1,031"
"Aug 19, 2018","10,148","10,795","10,148","10,148","10,148","10,795","10,148"
"Aug 27, 2018","5,403","5,403","5,403","5,403","5,403","7,904","5,403"
"Sep 4, 2018","10,171","10,795","10,171","10,171","10,171","10,795","10,171"
"Sep 12, 2018",918,918,918,918,918,"7,904",918
"Sep 20, 2018","10,116","10,795","10,116","10,116","10,116","10,795","10,116"
"Sep 28, 2018","1,294","1,294","1,294","1,294","1,294","7,904","1,294"
"Oct 6, 2018","2,068","10,795","2,068","2,068","2,068","10,795","2,068"
"Oct 14, 2018","1,432","1,432","1,432","1,432","1,432","7,904","1,432"
"Oct 22, 2018","10,126","10,795","10,126","10,126","10,126","10,795","10,126"
"Oct 30, 2018","4,498","4,498","4,498","4,498","4,498","7,904","4,498"
"Nov 7, 2018","10,318","10,795","10,318","10,318","10,318","10,795","10,318"
"Nov 15, 2018",347,347,347,347,347,"7,904",347
"Dec 17, 2018",0,0,0,0,0,"7,904",0
"Dec 25, 2018","10,137","10,795","10,137","10,137","10,137","10,795","10,137"
"Jan 2, 2019",0,0,0,0,0,"7,904",0
"Jan 10, 2019",0,"10,795",0,0,0,"10,795",0
"Jan 26, 2019",0,"10,795",0,0,0,"10,795",0
"Feb 3, 2019",0,0,0,0,0,"7,904",0
"Feb 11, 2019","3,080","10,795","3,080","3,080","3,080","10,795","3,080"
"Feb 19, 2019",0,0,0,0,0,"7,904",0
"Feb 27, 2019",0,"10,795",0,0,0,"10,795",0
"Mar 7, 2019",0,0,0,0,0,"7,904",0
"Mar 15, 2019","10,715","10,795","10,715","10,715","10,715","10,795","10,715"
"Mar 31, 2019","10,795","10,795","10,795","10,795","10,795","10,795","10,795"
"Apr 16, 2019","8,718","10,795","8,718","8,718","8,718","10,795","8,718"
"Apr 24, 2019","4,231","4,231","4,231","4,231","4,231","7,904","4,231"
"May 2, 2019","10,795","10,795","10,795","10,795","10,795","10,795","10,795"
"May 10, 2019","3,319","3,319","3,319","3,319","3,319","7,904","3,319"
"May 18, 2019",0,"10,795",0,0,0,"10,795",0
"May 26, 2019",0,0,0,0,0,"7,904",0
"Jun 3, 2019","10,792","10,795","10,792","10,792","10,792","10,795","10,792"
"Jun 11, 2019","6,148","6,148","6,148","6,148","6,148","7,904","6,148"
"Jun 19, 2019","10,795","10,795","10,795","10,795","10,795","10,795","10,795"
"Jun 27, 2019",1,1,1,1,1,"7,904",1
"Jul 5, 2019","10,795","10,795","10,795","10,795","10,795","10,795","10,795"
"Jul 13, 2019","6,372","6,372","6,372","6,372","6,372","7,904","6,372"
"Jul 21, 2019","10,790","10,795","10,790","10,790","10,790","10,795","10,790"
"Jul 29, 2019","3,684","3,684","3,684","3,684","3,684","7,904","3,684"
"Aug 6, 2019",27,"10,795",27,27,27,"10,795",27
"Aug 14, 2019","3,312","3,312","3,312","3,312","3,312","7,904","3,312"
"Aug 22, 2019","10,754","10,795","10,754","10,754","10,754","10,795","10,754"
"Aug 30, 2019","3,592","3,592","3,592","3,592","3,592","7,904","3,592"
"Sep 7, 2019",0,"10,795",0,0,0,"10,795",0
"Sep 15, 2019",0,0,0,0,0,"7,904",0
"Sep 23, 2019","10,747","10,795","10,747","10,747","10,747","10,795","10,747"
"Oct 1, 2019","1,844","1,844","1,844","1,844","1,844","7,904","1,844"
"Oct 9, 2019","10,764","10,795","10,764","10,764","10,764","10,795","10,764"
"Oct 17, 2019",0,0,0,0,0,"7,904",0
"Oct 25, 2019","10,358","10,795","10,358","10,358","10,358","10,795","10,358"
"Nov 2, 2019","2,586","2,586","2,586","2,586","2,586","7,904","2,586"
"Nov 10, 2019","10,326","10,795","10,326","10,326","10,326","10,795","10,326"
"Nov 18, 2019",321,321,321,321,321,"7,904",321
"Dec 4, 2019",0,0,0,0,0,"7,904",0
"Dec 28, 2019","5,075","10,795","5,075","5,075","5,075","10,795","5,075"
"Jan 5, 2020",0,0,0,0,0,"7,904",0
"Feb 14, 2020","10,795","10,795","10,795","10,795","10,795","10,795","10,795"
"Feb 22, 2020","5,709","5,709","5,709","5,709","5,709","7,904","5,709"
"Mar 1, 2020","10,795","10,795","10,795","10,795","10,795","10,795","10,795"
"Mar 9, 2020",0,0,0,0,0,"7,904",0
"Mar 17, 2020","4,884","10,795","4,884","4,884","4,884","10,795","4,884"
"Mar 25, 2020","5,239","5,239","5,239","5,239","5,239","7,904","5,239"
"Apr 2, 2020","10,795","10,795","10,795","10,795","10,795","10,795","10,795"
"Apr 10, 2020","2,208","2,208","2,208","2,208","2,208","7,904","2,208"
"Apr 18, 2020",0,"10,795",0,0,0,"10,795",0
"Apr 26, 2020","1,231","1,231","1,231","1,231","1,231","7,904","1,231"
"May 4, 2020","10,795","10,795","10,795","10,795","10,795","10,795","10,795"
"May 20, 2020",0,"10,795",0,0,0,"10,795",0
"May 28, 2020","6,306","6,306","6,306","6,306","6,306","7,904","6,306"
"Jun 5, 2020",0,"10,795",0,0,0,"10,795",0
"Jun 21, 2020","10,766","10,795","10,766","10,766","10,766","10,795","10,766"
"Jun 29, 2020",0,0,0,0,0,"7,904",0
"Jul 7, 2020","10,794","10,795","10,794","10,794","10,794","10,795","10,794"
"Jul 15, 2020","1,624","1,624","1,624","1,624","1,624","7,904","1,624"
"Jul 23, 2020","10,795","10,795","10,795","10,795","10,795","10,795","10,795"
"Jul 31, 2020","4,605","4,605","4,605","4,605","4,605","7,904","4,605"
"Aug 8, 2020","10,744","10,795","10,744","10,744","10,744","10,795","10,744"
"Aug 16, 2020",0,0,0,0,0,"7,904",0
"Aug 24, 2020",827,"10,795",827,827,827,"10,795",827
"Sep 1, 2020","7,510","7,510","7,510","7,510","7,510","7,904","7,510"
"Sep 9, 2020","10,781","10,795","10,781","10,781","10,781","10,795","10,781"
"Sep 17, 2020","1,132","1,132","1,132","1,132","1,132","7,904","1,132"
"Sep 25, 2020","6,192","10,795","6,192","6,192","6,192","10,795","6,192"
"Oct 3, 2020","3,274","3,274","3,274","3,274","3,274","7,904","3,274"
"Oct 11, 2020",0,"10,795",0,0,0,"10,795",0
"Oct 19, 2020",3,3,3,3,3,"7,904",3
"Oct 27, 2020","10,319","10,795","10,319","10,319","10,319","10,795","10,319"
"Nov 12, 2020",0,"10,795",0,0,0,"10,795",0
"Nov 20, 2020",330,330,330,330,330,"7,904",330
"Nov 28, 2020",0,"10,795",0,0,0,"10,795",0
"Dec 6, 2020","4,467","4,467","4,467","4,467","4,467","7,904","4,467"
"Dec 14, 2020","10,045","10,795","10,045","10,045","10,045","10,795","10,045"
"Dec 22, 2020","1,967","1,967","1,967","1,967","1,967","7,904","1,967"
"Dec 30, 2020",0,"10,795",0,0,0,"10,795",0
"Jan 23, 2021","4,407","4,407","4,407","4,407","4,407","7,904","4,407"
"Feb 8, 2021",0,0,0,0,0,"7,904",0
"Feb 16, 2021","4,417","10,795","4,417","4,417","4,417","10,795","4,417"
"Feb 24, 2021","1,821","1,821","1,821","1,821","1,821","7,904","1,821"
"Mar 4, 2021",0,"10,795",0,0,0,"10,795",0
"Mar 12, 2021","3,455","3,455","3,455","3,455","3,455","7,904","3,455"
"Mar 20, 2021",311,"10,795",311,311,311,"10,795",311
"Mar 28, 2021","2,309","2,309","2,309","2,309","2,309","7,904","2,309"
"Apr 5, 2021","10,795","10,795","10,795","10,795","10,795","10,795","10,795"
"Apr 13, 2021",2,2,2,2,2,"7,904",2
"Apr 21, 2021","10,795","10,795","10,795","10,795","10,795","10,795","10,795"
"Apr 29, 2021","1,450","1,450","1,450","1,450","1,450","7,904","1,450"
"May 7, 2021","10,795","10,795","10,795","10,795","10,795","10,795","10,795"
"May 15, 2021",30,30,30,30,30,"7,904",30
"May 23, 2021",0,"10,795",0,0,0,"10,795",0
"May 31, 2021","6,049","6,049","6,049","6,049","6,049","7,904","6,049"
"Jun 8, 2021",0,"10,795",0,0,0,"10,795",0
"Jun 16, 2021","1,378","1,378","1,378","1,378","1,378","7,904","1,378"
"Jun 24, 2021","10,793","10,795","10,793","10,793","10,793","10,795","10,793"
"Jul 2, 2021",535,535,535,535,535,"7,904",535
"Jul 10, 2021","9,862","10,795","9,862","9,862","9,862","10,795","9,862"
"Jul 18, 2021",445,445,445,445,445,"7,904",445
"Jul 26, 2021","10,795","10,795","10,795","10,795","10,795","10,795","10,795"
"Aug 3, 2021","4,440","4,440","4,440","4,440","4,440","7,904","4,440"
"Aug 11, 2021","10,795","10,795","10,795","10,795","10,795","10,795","10,795"
"Aug 19, 2021","2,852","2,852","2,852","2,852","2,852","7,904","2,852"
"Aug 27, 2021","10,191","10,795","10,191","10,191","10,191","10,795","10,191"
"Sep 4, 2021","4,234","4,234","4,234","4,234","4,234","7,904","4,234"
"Sep 12, 2021","10,326","10,795","10,326","10,326","10,326","10,795","10,326"
"Sep 20, 2021","5,846","5,846","5,846","5,846","5,846","7,904","5,846"
"Sep 28, 2021",125,"10,795",125,125,125,"10,795",125
"Oct 6, 2021","6,973","6,973","6,973","6,973","6,973","7,904","6,973"
"Oct 14, 2021",4,"10,795",4,4,4,"10,795",4
"Oct 30, 2021",0,"10,795",0,0,0,"10,795",0
"Nov 7, 2021",186,186,186,186,186,"7,904",186
"Nov 9, 2021",0,0,0,0,0,"7,904",0
"Nov 15, 2021",0,"10,795",0,0,0,"10,795",0
"Nov 23, 2021",0,0,0,0,0,"7,904",0
"Dec 9, 2021",0,0,0,0,0,"7,904",0
"Dec 17, 2021",0,0,0,0,0,"7,904",0
"Dec 25, 2021",0,0,0,0,0,"7,904",0
"Jan 18, 2022",0,0,0,0,0,"7,904",0
"Jan 26, 2022","6,251","6,251","6,251","6,251","6,251","7,904","6,251"
"Feb 3, 2022",767,"10,795",767,767,767,"10,795",767
"Feb 3, 2022","7,519","7,519","7,519","7,519","7,519","7,904","7,519"
"Feb 11, 2022","7,223","7,223","7,223","7,223","7,223","7,904","7,223"
"Feb 19, 2022","10,648","10,795","10,648","10,648","10,648","10,795","10,648"
"Feb 19, 2022","1,888","1,888","1,888","1,888","1,888","7,904","1,888"
"Feb 27, 2022",0,0,0,0,0,"7,904",0
"Mar 7, 2022","10,791","10,795","10,791","10,791","10,791","10,795","10,791"
"Mar 7, 2022","1,903","1,903","1,903","1,903","1,903","7,904","1,903"
"Mar 15, 2022","3,366","3,366","3,366","3,366","3,366","7,904","3,366"
"Mar 23, 2022",0,"10,795",0,0,0,"10,795",0
"Mar 23, 2022","1,447","1,447","1,447","1,447","1,447","7,904","1,447"
"Mar 31, 2022",132,132,132,132,132,"7,904",132
"Apr 8, 2022",0,0,0,0,0,"7,904",0
"Apr 16, 2022",0,0,0,0,0,"7,904",0
"Apr 24, 2022",0,0,0,0,0,"7,904",0
"May 2, 2022",0,0,0,0,0,"7,904",0
"May 9, 2022","5,409","10,795","5,409","5,409","5,409","10,795","5,409"
"May 10, 2022",0,0,0,0,0,"7,904",0
"May 18, 2022",0,0,0,0,0,"7,904",0
"May 21, 2022","8,976","10,795","8,976","8,976","8,976","10,795","8,976"
"May 26, 2022","1,379","10,795","1,379","1,379","1,379","10,795","1,379"
"May 26, 2022",0,0,0,0,0,"7,904",0
"Jun 3, 2022",0,0,0,0,0,"7,904",0
"Jun 7, 2022",0,"10,795",0,0,0,"10,795",0
"Jun 11, 2022",0,0,0,0,0,"7,904",0
"Jun 19, 2022",0,0,0,0,0,"7,904",0
"Jun 24, 2022","9,854","10,795","9,854","9,854","9,854","10,795","9,854"
"Jun 27, 2022",446,446,446,446,446,"7,904",446
"Jul 5, 2022",0,0,0,0,0,"7,904",0
"Jul 11, 2022","10,303","10,795","10,303","10,303","10,303","10,795","10,303"
"Jul 13, 2022","2,972","2,972","2,972","2,972","2,972","7,904","2,972"
"Jul 21, 2022",355,355,355,355,355,"7,904",355
"Jul 28, 2022","10,787","10,795","10,787","10,787","10,787","10,795","10,787"
"Jul 29, 2022",278,278,278,278,278,"7,904",278
"Aug 6, 2022",387,387,387,387,387,"7,904",387
"Aug 14, 2022","10,509","10,795","10,509","10,509","10,509","10,795","10,509"
"Aug 14, 2022","6,995","6,995","6,995","6,995","6,995","7,904","6,995"
"Aug 22, 2022","7,672","7,672","7,672","7,672","7,672","7,904","7,672"
"Aug 30, 2022",456,456,456,456,456,"7,904",456
"Aug 31, 2022","9,742","10,795","9,742","9,742","9,742","10,795","9,742"
"Sep 7, 2022",0,0,0,0,0,"7,904",0
"Sep 15, 2022","4,209","4,209","4,209","4,209","4,209","7,904","4,209"
"Sep 17, 2022",0,"10,795",0,0,0,"10,795",0
"Sep 23, 2022","6,270","6,270","6,270","6,270","6,270","7,904","6,270"
"Oct 1, 2022","2,157","2,157","2,157","2,157","2,157","7,904","2,157"
"Oct 4, 2022","10,425","10,795","10,425","10,425","10,425","10,795","10,425"
"Oct 9, 2022","6,405","6,405","6,405","6,405","6,405","7,904","6,405"
"Oct 17, 2022",9,9,9,9,9,"7,904",9
"Oct 21, 2022",0,"10,795",0,0,0,"10,795",0
"Oct 25, 2022","2,394","2,394","2,394","2,394","2,394","7,904","2,394"
"Nov 7, 2022",0,"10,795",0,0,0,"10,795",0
"Nov 10, 2022","1,716","1,716","1,716","1,716","1,716","7,904","1,716"
"Nov 18, 2022","3,916","3,916","3,916","3,916","3,916","7,904","3,916"
"Nov 26, 2022","6,155","6,155","6,155","6,155","6,155","7,904","6,155"
"Dec 28, 2022",0,0,0,0,0,"7,904",0
